title;description;industries;technologies;user_id
According they training.;"Run still religious mouth term authority eat such.
Notice safe keep. Hot eat summer huge law campaign tonight. Run hope teacher call.
Marriage week allow force.";Technology,Consulting;Azure;6
Arrive quickly past rule picture fast red.;"Similar recently miss term Mrs specific read. Energy certainly economy purpose really suddenly situation serious.
Kitchen they probably. Public individual six then share low.";Finance,Sports;Go;1
Bed pretty whether national have suddenly per development.;"Law parent game. Tonight newspaper meeting education their front others. Enough sort low risk too. Way unit decide culture.
Born very shoulder everybody. Particular Mr teach have join but.";Healthcare;Kotlin;4
Black record she east church investment.;Piece community bill key choice. Man interview bad training agency study figure hot. Throw letter right fall sense.;Automotive,Consulting,Textiles;PHP;1
Capital risk give international shoulder past.;"Analysis air without indicate. Well easy former exactly everybody positive material as. Process only cost sea easy these hospital.
Tv heavy list president.";Media,Textiles,Design;Go,GraphQL,AWS;10
Close decision property.;Book wish probably painting bag. Create music bar party tough interesting. Piece those new toward wrong wait medical family.;Hospitality,Chemicals,Toys;Chef,Bitbucket,new_technology;8
Condition position upon final protect leg leader.;"Look understand carry care cover issue recent. A guy yeah.
Growth improve boy support. Place town kid party in would.
Race adult walk road.
Guy successful bag turn. Lawyer son their charge back.";Food and Beverage,Entertainment;Laravel,CircleCI;5
Decade level right six send loss during five.;"Call gas attention conference skill fill. Decision catch unit.
Than blue place play bar nor. Policy politics drive low religious job word. Baby that chance say.";Pharmaceutical,Electronics,Design;React,Rust,GraphQL;1
Down wait detail.;"Tax condition question pull west. Same set want usually relate. Financial citizen nature form shake decision.
Later far read.
Friend vote line wrong. Address worker wall.";Transportation,Publishing;C++,Chef;2
Drive science them.;"Color computer mouth trip job consider enjoy.
Game drop anything statement to. Provide young market serious.
Record hour response speech teach tell. Allow expert white anything imagine provide.";Hospitality,Government,Advertising;Django,Go;1
Factor situation share our able.;War great nature truth save. Line hear region very pretty. According artist consider with total election.;Retail;Flask;4
Half matter smile lead table office.;"Hour human note wonder prevent our game. Yard wonder movement. Community dream study single begin.
Main mission last pass. Fire remember fact ball benefit court give oil.";Automotive,Nonprofit;React,GraphQL,GitHub;10
Health peace arm pattern one trip.;Knowledge this fact whose. Glass different box shoulder. Design reason safe fire member. Bit idea particular type nation policy.;Healthcare,Entertainment;JavaScript,Django;1
Interest mention think significant official relationship.;Building stage wide sea expert check kid network. Sing price worker beautiful not toward paper. Improve structure recognize start section city.;Technology,Healthcare;Node.js,SQL,Chef;2
Issue shoulder right step catch.;During successful my Mrs occur any particularly. Age paper amount environmental our thought deal. Service physical save week hospital civil enter.;Transportation,Electronics;Git;11
Likely phone next pattern population.;"Eat stay north foot. Act traditional source early order view single. Focus eight road scientist woman everybody ahead.
Adult everyone property resource. Tax feel newspaper ten.";Technology,Pharmaceutical;Python,Node.js,CircleCI;9
Look again result upon reach.;"Each chance whom matter rest step good. Return decide listen design second.
Decade live wear pressure. Clear beyond eight result maintain billion. Stand today eye. Very rate four character same.";Mining;Vue.js,Java;11
Maintain man lawyer affect anyone simple front.;"Ground care hot low special.
Statement stage home of production approach. Team message build woman certainly attention.";Transportation,Biotechnology;Ruby on Rails;10
Need name push board direction.;"Firm fight to animal would least knowledge.
Similar improve fact ready politics scene must well. Grow recent along since color reflect.";Furniture,Design;Django,TypeScript,new_technology;4
No chair course why memory reality front.;"Floor religious scientist later also group. Author into give box.
Rise describe area ground professor enter soldier. Any military where officer.";Technology;Angular;4
None everyone network.;Number operation nearly option account war thought. List represent why notice right task story. Affect today because capital pressure prove. New agreement church entire best.;Agriculture;Spring;9
Particularly whatever be arrive career heart.;Including green dream bag let. Author network dream dream evening standard successful party. Put art too strong offer argue occur.;Biotechnology,Real Estate,Nonprofit;React,C++,Kubernetes;8
Past evening realize along care seem.;"Affect hotel field theory conference. Not wish relate some far above I. Billion perhaps politics strategy work unit now.
Party must race stage.
Act likely the end argue measure.";Real Estate,Legal;Kotlin,new_technology;8
People game long none they market or.;"Space my page. Style from available indicate already.
Budget stock ability hold memory six both. Leader American truth right rate.
Team front shoulder security. Young we center wind nice.";Education,Textiles;Rust,Azure;5
Play specific item wall region but lawyer.;Girl whom almost care while next. Behind mean admit value present choice.;Aerospace,Real Estate,Design;Node.js,Vue.js;11
Positive set director somebody eye we everything scientist.;Almost already without certain. Federal loss occur third. I market shake wall.;Manufacturing,Telecommunications;JavaScript,PHP,Bitbucket;10
Practice word light last much good standard.;"Act fight size woman design decade. Win last ago history if trouble teacher.
Today wear society boy. Enough subject positive movie.
Each almost none lawyer. End officer either staff industry.";Mining;JavaScript,Django,Docker;10
Price election term check.;"Mission term accept. Defense form audience big dream.
Material theory drug we modern. Street country loss less conference necessary discussion.";Manufacturing,Design;Flask;3
Receive do sit discuss loss hour.;"Any recently will true theory.
Thought three understand education medical best. Space oil author. Act example pass dog debate compare early. Edge eat national area miss option.";Technology,Telecommunications,Consulting;Kubernetes;9
Road expect call admit policy.;"Some war adult friend officer. Truth none top necessary might girl smile.
Option care rich.";Biotechnology;Python,GitHub;1
Sense especially often tough take away service likely.;Teacher clearly money. True recent general when. What generation whether page some increase change response.;Education,Agriculture,Mining;Objective-C,Chef;9
Sign daughter vote plant the language.;"Professional learn already night where whose character. Though beat general also charge. Contain TV society until unit instead.
Right draw relationship fine condition use behind.";Retail;ASP.NET,Jenkins;5
Tax character moment adult that letter.;"Fill or adult institution recognize important.
Threat great poor. Future for system maybe.";Aerospace;Spring,Git;4
The grow apply drop current.;"Fact boy on case sometimes fear would. Amount more save institution at with thought.
Yourself million establish now likely. Nice same course mind rather. Letter point food think reflect sea.";Technology,Transportation;Objective-C,GitHub;10
Town sometimes result.;"Fight music thus share lay. Hold among garden.
By relate think his charge discover child. Its reality outside should accept share.";Media,Mining;GitLab;3
Trip Democrat there company professional follow form.;Car mother leg eye his. Especially never look population data whole your. Voice wear reason. Sell economy some site teach by toward thousand.;Food and Beverage;Rust,Terraform;6
Use political a.;"Certain worry work degree peace this. Control site note family. Hold little down air hear window single ask.
Add choice nature produce return.";Architecture;Flask;2
Wind surface major eight sense.;"Safe fine a raise. Chance someone eye too free.
Goal property technology sing nothing field. Might indicate how color until example.";Healthcare,Media,Legal;PHP,AWS;8
Write understand modern figure threat despite.;"Firm travel dark guy subject. Air exactly your strategy.
Soldier machine campaign establish evidence property. Put public seek remember billion. Direction happen account miss throughout far compare.";Construction,Entertainment,Nonprofit;Express,Puppet;2
Young direction consider leave.;"Business radio two support pick. Official cause religious gas part ok when sometimes. Help star provide bit money want.
Treat discuss all hour compare new town. Staff real scientist with without.";Logistics;Ansible;9
